{
  "0": {
    "cooldown_until": 1782108238.0950263,
    "failures": 4
  },
  "1": {
    "cooldown_until": 1782108243.6127715,
    "failures": 4
  },
  "2": {
    "cooldown_until": 1782108254.864549,
    "failures": 4
  },
  "3": {
    "cooldown_until": 1782108385.6663928,
    "failures": 4
  },
  "4": {
    "cooldown_until": 1782108417.802315,
    "failures": 4
  },
  "5": {
    "cooldown_until": 1782129950.4386811,
    "failures": 4
  },
  "6": {
    "cooldown_until": 1782137083.9399621,
    "failures": 4
  },
  "7": {
    "cooldown_until": 1782137131.7227423,
    "failures": 4
  },
  "8": {
    "cooldown_until": 1782137176.2260106,
    "failures": 4
  },
  "9": {
    "cooldown_until": 1782137448.2663016,
    "failures": 4
  },
  "10": {
    "cooldown_until": 1782137751.583206,
    "failures": 4
  },
  "11": {
    "cooldown_until": 0.0,
    "failures": 0
  },
  "12": {
    "cooldown_until": 0.0,
    "failures": 0
  },
  "13": {
    "cooldown_until": 0.0,
    "failures": 0
  },
  "14": {
    "cooldown_until": 0.0,
    "failures": 0
  }
}