{
  "0": {
    "cooldown_until": 1782313592.09239,
    "failures": 4
  },
  "1": {
    "cooldown_until": 1782313615.3991685,
    "failures": 4
  },
  "2": {
    "cooldown_until": 1782313650.5500395,
    "failures": 4
  },
  "3": {
    "cooldown_until": 1782313687.1964977,
    "failures": 4
  },
  "4": {
    "cooldown_until": 1782313702.4162438,
    "failures": 4
  },
  "5": {
    "cooldown_until": 1782335126.4789538,
    "failures": 4
  },
  "6": {
    "cooldown_until": 1782335168.4645174,
    "failures": 4
  },
  "7": {
    "cooldown_until": 1782248835.113001,
    "failures": 0
  },
  "8": {
    "cooldown_until": 1782335217.3379486,
    "failures": 4
  },
  "9": {
    "cooldown_until": 0.0,
    "failures": 0
  },
  "10": {
    "cooldown_until": 0.0,
    "failures": 0
  },
  "11": {
    "cooldown_until": 0.0,
    "failures": 0
  },
  "12": {
    "cooldown_until": 0.0,
    "failures": 0
  },
  "13": {
    "cooldown_until": 0.0,
    "failures": 0
  },
  "14": {
    "cooldown_until": 0.0,
    "failures": 0
  }
}