{
  "0": {
    "cooldown_until": 1782450078.3054922,
    "failures": 0
  },
  "1": {
    "cooldown_until": 1782450087.7413695,
    "failures": 0
  },
  "2": {
    "cooldown_until": 1782450467.8209956,
    "failures": 0
  },
  "3": {
    "cooldown_until": 1782450775.4311688,
    "failures": 0
  },
  "4": {
    "cooldown_until": 1782449948.7046826,
    "failures": 0
  },
  "5": {
    "cooldown_until": 1782449970.7314355,
    "failures": 0
  },
  "6": {
    "cooldown_until": 1782449980.1783276,
    "failures": 0
  },
  "7": {
    "cooldown_until": 1782449989.680367,
    "failures": 0
  },
  "8": {
    "cooldown_until": 1782449999.093142,
    "failures": 0
  },
  "9": {
    "cooldown_until": 1782450008.590093,
    "failures": 0
  },
  "10": {
    "cooldown_until": 1782450018.0245275,
    "failures": 0
  },
  "11": {
    "cooldown_until": 1782450027.4966495,
    "failures": 0
  },
  "12": {
    "cooldown_until": 1782450044.1793962,
    "failures": 0
  },
  "13": {
    "cooldown_until": 1782450053.581633,
    "failures": 0
  },
  "14": {
    "cooldown_until": 1782450068.7831552,
    "failures": 0
  }
}