{
  "0": {
    "cooldown_until": 1782400314.244765,
    "failures": 4
  },
  "1": {
    "cooldown_until": 1782400124.690112,
    "failures": 4
  },
  "2": {
    "cooldown_until": 1782314341.5515828,
    "failures": 0
  },
  "3": {
    "cooldown_until": 1782313778.9263391,
    "failures": 0
  },
  "4": {
    "cooldown_until": 1782400200.3231754,
    "failures": 4
  },
  "5": {
    "cooldown_until": 1782335126.4789538,
    "failures": 4
  },
  "6": {
    "cooldown_until": 1782335168.4645174,
    "failures": 4
  },
  "7": {
    "cooldown_until": 1782313867.1254947,
    "failures": 0
  },
  "8": {
    "cooldown_until": 1782335217.3379486,
    "failures": 4
  },
  "9": {
    "cooldown_until": 1782313833.3079696,
    "failures": 0
  },
  "10": {
    "cooldown_until": 1782313843.5021908,
    "failures": 0
  },
  "11": {
    "cooldown_until": 1782313856.8424587,
    "failures": 0
  },
  "12": {
    "cooldown_until": 1782400003.4275174,
    "failures": 4
  },
  "13": {
    "cooldown_until": 1782313880.768445,
    "failures": 0
  },
  "14": {
    "cooldown_until": 1782313924.0484812,
    "failures": 0
  }
}