{
  "0": {
    "cooldown_until": 1782400314.244765,
    "failures": 4
  },
  "1": {
    "cooldown_until": 1782400124.690112,
    "failures": 4
  },
  "2": {
    "cooldown_until": 1782400050.9335365,
    "failures": 0
  },
  "3": {
    "cooldown_until": 1782400061.6495104,
    "failures": 0
  },
  "4": {
    "cooldown_until": 1782400200.3231754,
    "failures": 4
  },
  "5": {
    "cooldown_until": 1782400090.546038,
    "failures": 0
  },
  "6": {
    "cooldown_until": 1782400107.8868408,
    "failures": 0
  },
  "7": {
    "cooldown_until": 1782400114.682257,
    "failures": 0
  },
  "8": {
    "cooldown_until": 0.0,
    "failures": 0
  },
  "9": {
    "cooldown_until": 0.0,
    "failures": 0
  },
  "10": {
    "cooldown_until": 0.0,
    "failures": 0
  },
  "11": {
    "cooldown_until": 0.0,
    "failures": 0
  },
  "12": {
    "cooldown_until": 1782400003.4275174,
    "failures": 4
  },
  "13": {
    "cooldown_until": 0.0,
    "failures": 0
  },
  "14": {
    "cooldown_until": 0.0,
    "failures": 0
  }
}